{
    "best_hyperparameters": {
        "batch_size": 32,
        "d_model": 768,
        "dropout": 0.1,
        "lr": 5e-05,
        "nhead": 4
    },
    "best_val_loss": 0.10645737876184284,
    "best_auc_roc": 0.9694238246730293,
    "best_accuracy": 0.9623287671232876
}